{"file":"car.png","frames":{
"p3_7_34_L_png":{"x":552,"y":655,"w":276,"h":81,"offX":0,"offY":0,"sourceW":276,"sourceH":81},
"p3_7_34_R_png":{"x":0,"y":699,"w":276,"h":81,"offX":0,"offY":0,"sourceW":276,"sourceH":81},
"p3_8_34_L_png":{"x":276,"y":655,"w":276,"h":81,"offX":0,"offY":0,"sourceW":276,"sourceH":81},
"p3_8_34_R_png":{"x":828,"y":574,"w":276,"h":81,"offX":0,"offY":0,"sourceW":276,"sourceH":81},
"p3_9_34_L_png":{"x":552,"y":574,"w":276,"h":81,"offX":0,"offY":0,"sourceW":276,"sourceH":81},
"p3_9_34_R_png":{"x":0,"y":618,"w":276,"h":81,"offX":0,"offY":0,"sourceW":276,"sourceH":81},
"p3_10_34_L_png":{"x":276,"y":574,"w":276,"h":81,"offX":0,"offY":0,"sourceW":276,"sourceH":81},
"p3_10_34_R_png":{"x":828,"y":493,"w":276,"h":81,"offX":0,"offY":0,"sourceW":276,"sourceH":81},
"p3_car_1_front_png":{"x":247,"y":250,"w":246,"h":124,"offX":0,"offY":0,"sourceW":246,"sourceH":125},
"p3_car_2_front_png":{"x":0,"y":250,"w":246,"h":124,"offX":0,"offY":0,"sourceW":246,"sourceH":125},
"p3_car_3_front_png":{"x":739,"y":125,"w":246,"h":124,"offX":0,"offY":0,"sourceW":246,"sourceH":125},
"p3_car_4_front_png":{"x":493,"y":125,"w":246,"h":124,"offX":0,"offY":0,"sourceW":246,"sourceH":125},
"p3_car_5_front_png":{"x":247,"y":125,"w":246,"h":124,"offX":0,"offY":0,"sourceW":246,"sourceH":125},
"p3_car_6_front_png":{"x":0,"y":125,"w":246,"h":124,"offX":0,"offY":0,"sourceW":246,"sourceH":125},
"p3_car_7_front_png":{"x":739,"y":0,"w":246,"h":124,"offX":0,"offY":0,"sourceW":246,"sourceH":125},
"p3_car_8_front_png":{"x":493,"y":0,"w":246,"h":124,"offX":0,"offY":0,"sourceW":246,"sourceH":125},
"p3_car_9_front_png":{"x":247,"y":0,"w":246,"h":124,"offX":0,"offY":0,"sourceW":246,"sourceH":125},
"p3_car_10_front_png":{"x":0,"y":0,"w":246,"h":124,"offX":0,"offY":0,"sourceW":246,"sourceH":125},
"p3_m_bronze_png":{"x":1045,"y":238,"w":108,"h":111,"offX":0,"offY":0,"sourceW":108,"sourceH":112},
"p3_m_gold_png":{"x":986,"y":0,"w":159,"h":125,"offX":0,"offY":0,"sourceW":159,"sourceH":126},
"p3_m_sliver_png":{"x":986,"y":126,"w":108,"h":111,"offX":0,"offY":0,"sourceW":108,"sourceH":112},
"p3_1_34_L_png":{"x":769,"y":250,"w":276,"h":81,"offX":0,"offY":0,"sourceW":276,"sourceH":81},
"p3_1_34_R_png":{"x":493,"y":250,"w":276,"h":81,"offX":0,"offY":0,"sourceW":276,"sourceH":81},
"p3_2_34_L_png":{"x":552,"y":493,"w":276,"h":81,"offX":0,"offY":0,"sourceW":276,"sourceH":81},
"p3_2_34_R_png":{"x":0,"y":537,"w":276,"h":81,"offX":0,"offY":0,"sourceW":276,"sourceH":81},
"p3_3_34_L_png":{"x":276,"y":493,"w":276,"h":81,"offX":0,"offY":0,"sourceW":276,"sourceH":81},
"p3_3_34_R_png":{"x":828,"y":412,"w":276,"h":81,"offX":0,"offY":0,"sourceW":276,"sourceH":81},
"p3_4_34_L_png":{"x":552,"y":412,"w":276,"h":81,"offX":0,"offY":0,"sourceW":276,"sourceH":81},
"p3_4_34_R_png":{"x":0,"y":456,"w":276,"h":81,"offX":0,"offY":0,"sourceW":276,"sourceH":81},
"p3_5_34_L_png":{"x":276,"y":412,"w":276,"h":81,"offX":0,"offY":0,"sourceW":276,"sourceH":81},
"p3_5_34_R_png":{"x":0,"y":375,"w":276,"h":81,"offX":0,"offY":0,"sourceW":276,"sourceH":81},
"p3_6_34_L_png":{"x":769,"y":331,"w":276,"h":81,"offX":0,"offY":0,"sourceW":276,"sourceH":81},
"p3_6_34_R_png":{"x":493,"y":331,"w":276,"h":81,"offX":0,"offY":0,"sourceW":276,"sourceH":81}}}