{"file":"cdn.png","frames":{
"cdn_0_png":{"x":244,"y":326,"w":120,"h":165,"offX":0,"offY":0,"sourceW":120,"sourceH":165},
"cdn_1_png":{"x":127,"y":0,"w":86,"h":160,"offX":0,"offY":0,"sourceW":86,"sourceH":161},
"cdn_2_png":{"x":123,"y":161,"w":121,"h":163,"offX":0,"offY":0,"sourceW":121,"sourceH":164},
"cdn_3_png":{"x":244,"y":161,"w":118,"h":165,"offX":0,"offY":0,"sourceW":118,"sourceH":165},
"cdn_4_png":{"x":0,"y":0,"w":127,"h":160,"offX":0,"offY":0,"sourceW":127,"sourceH":161},
"cdn_5_png":{"x":362,"y":161,"w":118,"h":162,"offX":0,"offY":0,"sourceW":119,"sourceH":162},
"cdn_6_png":{"x":0,"y":161,"w":122,"h":165,"offX":0,"offY":0,"sourceW":123,"sourceH":165},
"cdn_7_png":{"x":364,"y":323,"w":112,"h":160,"offX":0,"offY":0,"sourceW":112,"sourceH":161},
"cdn_8_png":{"x":0,"y":326,"w":122,"h":165,"offX":0,"offY":0,"sourceW":122,"sourceH":165},
"cdn_9_png":{"x":122,"y":326,"w":121,"h":165,"offX":0,"offY":0,"sourceW":122,"sourceH":165}}}