{"file":"p4_car.png","frames":{
"4p_car_front_black_alpha_png":{"x":0,"y":0,"w":86,"h":43,"offX":0,"offY":0,"sourceW":87,"sourceH":44},
"4p_front_car_1_png":{"x":342,"y":44,"w":85,"h":43,"offX":0,"offY":0,"sourceW":86,"sourceH":44},
"4p_front_car_2_png":{"x":257,"y":44,"w":85,"h":43,"offX":0,"offY":0,"sourceW":86,"sourceH":44},
"4p_front_car_3_png":{"x":171,"y":44,"w":85,"h":43,"offX":0,"offY":0,"sourceW":86,"sourceH":44},
"4p_front_car_4_png":{"x":86,"y":44,"w":85,"h":43,"offX":0,"offY":0,"sourceW":86,"sourceH":44},
"4p_front_car_5_png":{"x":0,"y":44,"w":85,"h":43,"offX":0,"offY":0,"sourceW":86,"sourceH":44},
"4p_front_car_6_png":{"x":343,"y":0,"w":85,"h":43,"offX":0,"offY":0,"sourceW":86,"sourceH":44},
"4p_front_car_7_png":{"x":258,"y":0,"w":85,"h":43,"offX":0,"offY":0,"sourceW":86,"sourceH":44},
"4p_front_car_8_png":{"x":172,"y":0,"w":85,"h":43,"offX":0,"offY":0,"sourceW":86,"sourceH":44},
"4p_front_car_9_png":{"x":87,"y":0,"w":85,"h":43,"offX":0,"offY":0,"sourceW":86,"sourceH":44},
"4p_front_car_10_png":{"x":0,"y":87,"w":85,"h":43,"offX":0,"offY":0,"sourceW":86,"sourceH":44},
"point_png":{"x":429,"y":0,"w":16,"h":16,"offX":0,"offY":0,"sourceW":16,"sourceH":16}}}