{"file":"small.png","frames":{
"1p_button_left_idle_png":{"x":0,"y":465,"w":113,"h":83,"offX":0,"offY":0,"sourceW":114,"sourceH":83},
"1p_button_right_idle_png":{"x":341,"y":452,"w":113,"h":83,"offX":0,"offY":0,"sourceW":114,"sourceH":83},
"1p_car_1_png":{"x":405,"y":779,"w":91,"h":51,"offX":0,"offY":0,"sourceW":91,"sourceH":52},
"1p_car_10_png":{"x":341,"y":371,"w":91,"h":51,"offX":0,"offY":0,"sourceW":91,"sourceH":52},
"1p_car_2_png":{"x":341,"y":320,"w":91,"h":51,"offX":0,"offY":0,"sourceW":91,"sourceH":52},
"1p_car_3_png":{"x":341,"y":268,"w":91,"h":51,"offX":0,"offY":0,"sourceW":91,"sourceH":52},
"1p_car_4_png":{"x":341,"y":217,"w":91,"h":51,"offX":0,"offY":0,"sourceW":91,"sourceH":52},
"1p_car_5_png":{"x":0,"y":909,"w":91,"h":51,"offX":0,"offY":0,"sourceW":91,"sourceH":52},
"1p_car_6_png":{"x":109,"y":879,"w":91,"h":51,"offX":0,"offY":0,"sourceW":91,"sourceH":52},
"1p_car_7_png":{"x":187,"y":565,"w":91,"h":51,"offX":0,"offY":0,"sourceW":91,"sourceH":52},
"1p_car_8_png":{"x":327,"y":882,"w":91,"h":51,"offX":0,"offY":0,"sourceW":91,"sourceH":52},
"1p_car_9_png":{"x":405,"y":830,"w":91,"h":51,"offX":0,"offY":0,"sourceW":91,"sourceH":52},
"1p_countdownlight_png":{"x":0,"y":217,"w":340,"h":248,"offX":0,"offY":0,"sourceW":341,"sourceH":249},
"1p_light_dim_png":{"x":301,"y":507,"w":26,"h":26,"offX":0,"offY":0,"sourceW":27,"sourceH":27},
"1p_records_button_idle_png":{"x":296,"y":779,"w":109,"h":72,"offX":0,"offY":0,"sourceW":109,"sourceH":72},
"1p_records_button_pressed_png":{"x":0,"y":765,"w":109,"h":72,"offX":0,"offY":0,"sourceW":109,"sourceH":72},
"1p_topbar_rankdisplay_png":{"x":200,"y":923,"w":102,"h":39,"offX":0,"offY":0,"sourceW":102,"sourceH":40},
"4p_back_button_idle_png":{"x":187,"y":735,"w":109,"h":72,"offX":0,"offY":0,"sourceW":109,"sourceH":72},
"4p_back_button_pressed_png":{"x":374,"y":707,"w":109,"h":72,"offX":0,"offY":0,"sourceW":109,"sourceH":72},
"confirm_button_png":{"x":0,"y":987,"w":125,"h":26,"offX":0,"offY":0,"sourceW":125,"sourceH":27},
"confirm_button_pressed_png":{"x":0,"y":961,"w":125,"h":26,"offX":0,"offY":0,"sourceW":125,"sourceH":27},
"irn_1_png":{"x":353,"y":735,"w":18,"h":28,"offX":12,"offY":0,"sourceW":43,"sourceH":29},
"irn_10_png":{"x":454,"y":495,"w":42,"h":28,"offX":0,"offY":0,"sourceW":43,"sourceH":29},
"irn_2_png":{"x":483,"y":749,"w":24,"h":28,"offX":9,"offY":0,"sourceW":43,"sourceH":29},
"irn_3_png":{"x":483,"y":663,"w":25,"h":28,"offX":9,"offY":0,"sourceW":43,"sourceH":29},
"irn_4_png":{"x":483,"y":635,"w":25,"h":28,"offX":9,"offY":0,"sourceW":43,"sourceH":29},
"irn_5_png":{"x":419,"y":423,"w":25,"h":28,"offX":9,"offY":0,"sourceW":43,"sourceH":29},
"irn_6_png":{"x":488,"y":523,"w":24,"h":27,"offX":9,"offY":1,"sourceW":43,"sourceH":29},
"irn_7_png":{"x":488,"y":551,"w":23,"h":28,"offX":10,"offY":0,"sourceW":43,"sourceH":29},
"irn_8_png":{"x":483,"y":692,"w":25,"h":28,"offX":9,"offY":0,"sourceW":43,"sourceH":29},
"irn_9_png":{"x":483,"y":720,"w":24,"h":28,"offX":9,"offY":0,"sourceW":43,"sourceH":29},
"mute_button_off_png":{"x":374,"y":635,"w":109,"h":72,"offX":0,"offY":0,"sourceW":109,"sourceH":72},
"mute_button_on_png":{"x":218,"y":851,"w":109,"h":72,"offX":0,"offY":0,"sourceW":109,"sourceH":72},
"notice_bg_png":{"x":0,"y":0,"w":448,"h":216,"offX":0,"offY":0,"sourceW":448,"sourceH":217},
"2p_car_10_side_png":{"x":0,"y":615,"w":187,"h":50,"offX":0,"offY":0,"sourceW":187,"sourceH":50},
"2p_car_1_side_png":{"x":0,"y":565,"w":187,"h":50,"offX":0,"offY":0,"sourceW":187,"sourceH":50},
"2p_car_2_side_png":{"x":301,"y":585,"w":187,"h":50,"offX":0,"offY":0,"sourceW":187,"sourceH":50},
"2p_car_3_side_png":{"x":301,"y":535,"w":187,"h":50,"offX":0,"offY":0,"sourceW":187,"sourceH":50},
"2p_car_4_side_png":{"x":114,"y":515,"w":187,"h":50,"offX":0,"offY":0,"sourceW":187,"sourceH":50},
"2p_car_5_side_png":{"x":114,"y":465,"w":187,"h":50,"offX":0,"offY":0,"sourceW":187,"sourceH":50},
"2p_car_6_side_png":{"x":0,"y":715,"w":187,"h":50,"offX":0,"offY":0,"sourceW":187,"sourceH":50},
"2p_car_7_side_png":{"x":187,"y":685,"w":187,"h":50,"offX":0,"offY":0,"sourceW":187,"sourceH":50},
"2p_car_8_side_png":{"x":0,"y":665,"w":187,"h":50,"offX":0,"offY":0,"sourceW":187,"sourceH":50},
"2p_car_9_side_png":{"x":187,"y":635,"w":187,"h":50,"offX":0,"offY":0,"sourceW":187,"sourceH":50},
"2p_goalflag_post_png":{"x":496,"y":777,"w":6,"h":87,"offX":0,"offY":0,"sourceW":6,"sourceH":88},
"2p_mute_button_mute_png":{"x":109,"y":807,"w":109,"h":72,"offX":0,"offY":0,"sourceW":109,"sourceH":72},
"2p_mute_button_unmute_png":{"x":0,"y":837,"w":109,"h":72,"offX":0,"offY":0,"sourceW":109,"sourceH":72},
"2p_topbar_rankdisplay_png":{"x":200,"y":962,"w":83,"h":41,"offX":0,"offY":0,"sourceW":84,"sourceH":41},
"2p_wheel_png":{"x":91,"y":930,"w":29,"h":30,"offX":0,"offY":0,"sourceW":30,"sourceH":30},
"p2_1000m_line_PK10_png":{"x":448,"y":0,"w":62,"h":451,"offX":0,"offY":0,"sourceW":63,"sourceH":452},
"1_png":{"x":486,"y":452,"w":23,"h":42,"offX":17,"offY":1,"sourceW":56,"sourceH":43},
"10_png":{"x":296,"y":735,"w":56,"h":43,"offX":0,"offY":0,"sourceW":57,"sourceH":43},
"2_png":{"x":125,"y":930,"w":32,"h":42,"offX":13,"offY":1,"sourceW":57,"sourceH":44},
"3_png":{"x":157,"y":973,"w":31,"h":43,"offX":13,"offY":1,"sourceW":57,"sourceH":44},
"4_png":{"x":301,"y":465,"w":33,"h":42,"offX":12,"offY":1,"sourceW":58,"sourceH":43},
"5_png":{"x":125,"y":973,"w":31,"h":42,"offX":13,"offY":1,"sourceW":58,"sourceH":44},
"6_png":{"x":218,"y":807,"w":32,"h":43,"offX":13,"offY":1,"sourceW":58,"sourceH":44},
"7_png":{"x":157,"y":930,"w":30,"h":42,"offX":14,"offY":1,"sourceW":58,"sourceH":44},
"8_png":{"x":454,"y":452,"w":32,"h":43,"offX":13,"offY":1,"sourceW":58,"sourceH":44},
"9_png":{"x":251,"y":807,"w":32,"h":43,"offX":13,"offY":1,"sourceW":58,"sourceH":44},
"2p_boosteffect_00000_png":{"x":418,"y":1008,"w":75,"h":14,"offX":0,"offY":6,"sourceW":79,"sourceH":25},
"2p_boosteffect_00001_png":{"x":418,"y":897,"w":75,"h":15,"offX":0,"offY":5,"sourceW":79,"sourceH":25},
"2p_boosteffect_00002_png":{"x":0,"y":548,"w":77,"h":16,"offX":0,"offY":5,"sourceW":79,"sourceH":25},
"2p_boosteffect_00003_png":{"x":435,"y":948,"w":76,"h":15,"offX":0,"offY":6,"sourceW":79,"sourceH":25},
"2p_boosteffect_00004_png":{"x":360,"y":979,"w":76,"h":15,"offX":0,"offY":6,"sourceW":79,"sourceH":25},
"2p_boosteffect_00005_png":{"x":188,"y":1003,"w":76,"h":16,"offX":0,"offY":6,"sourceW":79,"sourceH":25},
"2p_boosteffect_00006_png":{"x":109,"y":765,"w":77,"h":16,"offX":0,"offY":5,"sourceW":79,"sourceH":25},
"2p_boosteffect_00007_png":{"x":187,"y":617,"w":78,"h":16,"offX":0,"offY":6,"sourceW":79,"sourceH":25},
"2p_boosteffect_00008_png":{"x":264,"y":1003,"w":77,"h":15,"offX":0,"offY":5,"sourceW":79,"sourceH":25},
"2p_boosteffect_00009_png":{"x":418,"y":912,"w":77,"h":15,"offX":0,"offY":6,"sourceW":79,"sourceH":25},
"2p_boosteffect_00010_png":{"x":327,"y":851,"w":76,"h":16,"offX":0,"offY":6,"sourceW":79,"sourceH":25},
"2p_boosteffect_00011_png":{"x":341,"y":423,"w":78,"h":16,"offX":0,"offY":5,"sourceW":79,"sourceH":25},
"2p_boosteffect_00012_png":{"x":418,"y":882,"w":78,"h":15,"offX":0,"offY":6,"sourceW":79,"sourceH":25},
"2p_boosteffect_00013_png":{"x":381,"y":933,"w":78,"h":15,"offX":0,"offY":6,"sourceW":79,"sourceH":25},
"2p_boosteffect_00014_png":{"x":284,"y":978,"w":76,"h":15,"offX":0,"offY":7,"sourceW":79,"sourceH":25},
"2p_boosteffect_00015_png":{"x":418,"y":964,"w":77,"h":15,"offX":0,"offY":5,"sourceW":79,"sourceH":25},
"2p_boosteffect_00016_png":{"x":109,"y":781,"w":77,"h":16,"offX":0,"offY":5,"sourceW":79,"sourceH":25},
"2p_boosteffect_00017_png":{"x":327,"y":867,"w":76,"h":14,"offX":0,"offY":7,"sourceW":79,"sourceH":25},
"2p_boosteffect_00018_png":{"x":436,"y":979,"w":75,"h":15,"offX":0,"offY":6,"sourceW":79,"sourceH":25},
"2p_boosteffect_00019_png":{"x":302,"y":933,"w":78,"h":15,"offX":0,"offY":6,"sourceW":79,"sourceH":25},
"2p_boosteffect_00020_png":{"x":341,"y":1003,"w":77,"h":15,"offX":0,"offY":5,"sourceW":79,"sourceH":25},
"2p_boosteffect_00021_png":{"x":360,"y":948,"w":75,"h":15,"offX":0,"offY":5,"sourceW":79,"sourceH":25},
"2p_boosteffect_00022_png":{"x":284,"y":962,"w":76,"h":15,"offX":0,"offY":5,"sourceW":79,"sourceH":25},
"2p_boosteffect_00023_png":{"x":418,"y":994,"w":78,"h":14,"offX":0,"offY":6,"sourceW":79,"sourceH":25}}}